<application>
  <component name="ProjectJdkTable">
    <jdk version="2">
      <name value="11" />
      <type value="JavaSDK" />
      <version value="version 11.0.11" />
      <homePath value="/usr/lib/jvm/java-1.11.0-openjdk-amd64" />
      <roots>
        <annotationsPath>
          <root type="composite">
            <root url="jar://$APPLICATION_HOME_DIR$/plugins/java/lib/jdkAnnotations.jar!/" type="simple" />
          </root>
        </annotationsPath>
        <classPath>
          <root type="composite">
            <root url="jrt:///usr/lib/jvm/java-1.11.0-openjdk-amd64!/java.base" type="simple" />
            <root url="jrt:///usr/lib/jvm/java-1.11.0-openjdk-amd64!/java.compiler" type="simple" />
            <root url="jrt:///usr/lib/jvm/java-1.11.0-openjdk-amd64!/java.datatransfer" type="simple" />
            <root url="jrt:///usr/lib/jvm/java-1.11.0-openjdk-amd64!/java.desktop" type="simple" />
            <root url="jrt:///usr/lib/jvm/java-1.11.0-openjdk-amd64!/java.instrument" type="simple" />
            <root url="jrt:///usr/lib/jvm/java-1.11.0-openjdk-amd64!/java.logging" type="simple" />
            <root url="jrt:///usr/lib/jvm/java-1.11.0-openjdk-amd64!/java.management" type="simple" />
            <root url="jrt:///usr/lib/jvm/java-1.11.0-openjdk-amd64!/java.management.rmi" type="simple" />
            <root url="jrt:///usr/lib/jvm/java-1.11.0-openjdk-amd64!/java.naming" type="simple" />
            <root url="jrt:///usr/lib/jvm/java-1.11.0-openjdk-amd64!/java.net.http" type="simple" />
            <root url="jrt:///usr/lib/jvm/java-1.11.0-openjdk-amd64!/java.prefs" type="simple" />
            <root url="jrt:///usr/lib/jvm/java-1.11.0-openjdk-amd64!/java.rmi" type="simple" />
            <root url="jrt:///usr/lib/jvm/java-1.11.0-openjdk-amd64!/java.scripting" type="simple" />
            <root url="jrt:///usr/lib/jvm/java-1.11.0-openjdk-amd64!/java.se" type="simple" />
            <root url="jrt:///usr/lib/jvm/java-1.11.0-openjdk-amd64!/java.security.jgss" type="simple" />
            <root url="jrt:///usr/lib/jvm/java-1.11.0-openjdk-amd64!/java.security.sasl" type="simple" />
            <root url="jrt:///usr/lib/jvm/java-1.11.0-openjdk-amd64!/java.smartcardio" type="simple" />
            <root url="jrt:///usr/lib/jvm/java-1.11.0-openjdk-amd64!/java.sql" type="simple" />
            <root url="jrt:///usr/lib/jvm/java-1.11.0-openjdk-amd64!/java.sql.rowset" type="simple" />
            <root url="jrt:///usr/lib/jvm/java-1.11.0-openjdk-amd64!/java.transaction.xa" type="simple" />
            <root url="jrt:///usr/lib/jvm/java-1.11.0-openjdk-amd64!/java.xml" type="simple" />
            <root url="jrt:///usr/lib/jvm/java-1.11.0-openjdk-amd64!/java.xml.crypto" type="simple" />
            <root url="jrt:///usr/lib/jvm/java-1.11.0-openjdk-amd64!/jdk.accessibility" type="simple" />
            <root url="jrt:///usr/lib/jvm/java-1.11.0-openjdk-amd64!/jdk.aot" type="simple" />
            <root url="jrt:///usr/lib/jvm/java-1.11.0-openjdk-amd64!/jdk.attach" type="simple" />
            <root url="jrt:///usr/lib/jvm/java-1.11.0-openjdk-amd64!/jdk.charsets" type="simple" />
            <root url="jrt:///usr/lib/jvm/java-1.11.0-openjdk-amd64!/jdk.compiler" type="simple" />
            <root url="jrt:///usr/lib/jvm/java-1.11.0-openjdk-amd64!/jdk.crypto.cryptoki" type="simple" />
            <root url="jrt:///usr/lib/jvm/java-1.11.0-openjdk-amd64!/jdk.crypto.ec" type="simple" />
            <root url="jrt:///usr/lib/jvm/java-1.11.0-openjdk-amd64!/jdk.dynalink" type="simple" />
            <root url="jrt:///usr/lib/jvm/java-1.11.0-openjdk-amd64!/jdk.editpad" type="simple" />
            <root url="jrt:///usr/lib/jvm/java-1.11.0-openjdk-amd64!/jdk.hotspot.agent" type="simple" />
            <root url="jrt:///usr/lib/jvm/java-1.11.0-openjdk-amd64!/jdk.httpserver" type="simple" />
            <root url="jrt:///usr/lib/jvm/java-1.11.0-openjdk-amd64!/jdk.internal.ed" type="simple" />
            <root url="jrt:///usr/lib/jvm/java-1.11.0-openjdk-amd64!/jdk.internal.jvmstat" type="simple" />
            <root url="jrt:///usr/lib/jvm/java-1.11.0-openjdk-amd64!/jdk.internal.le" type="simple" />
            <root url="jrt:///usr/lib/jvm/java-1.11.0-openjdk-amd64!/jdk.internal.opt" type="simple" />
            <root url="jrt:///usr/lib/jvm/java-1.11.0-openjdk-amd64!/jdk.internal.vm.ci" type="simple" />
            <root url="jrt:///usr/lib/jvm/java-1.11.0-openjdk-amd64!/jdk.internal.vm.compiler" type="simple" />
            <root url="jrt:///usr/lib/jvm/java-1.11.0-openjdk-amd64!/jdk.internal.vm.compiler.management" type="simple" />
            <root url="jrt:///usr/lib/jvm/java-1.11.0-openjdk-amd64!/jdk.jartool" type="simple" />
            <root url="jrt:///usr/lib/jvm/java-1.11.0-openjdk-amd64!/jdk.javadoc" type="simple" />
            <root url="jrt:///usr/lib/jvm/java-1.11.0-openjdk-amd64!/jdk.jcmd" type="simple" />
            <root url="jrt:///usr/lib/jvm/java-1.11.0-openjdk-amd64!/jdk.jconsole" type="simple" />
            <root url="jrt:///usr/lib/jvm/java-1.11.0-openjdk-amd64!/jdk.jdeps" type="simple" />
            <root url="jrt:///usr/lib/jvm/java-1.11.0-openjdk-amd64!/jdk.jdi" type="simple" />
            <root url="jrt:///usr/lib/jvm/java-1.11.0-openjdk-amd64!/jdk.jdwp.agent" type="simple" />
            <root url="jrt:///usr/lib/jvm/java-1.11.0-openjdk-amd64!/jdk.jfr" type="simple" />
            <root url="jrt:///usr/lib/jvm/java-1.11.0-openjdk-amd64!/jdk.jlink" type="simple" />
            <root url="jrt:///usr/lib/jvm/java-1.11.0-openjdk-amd64!/jdk.jshell" type="simple" />
            <root url="jrt:///usr/lib/jvm/java-1.11.0-openjdk-amd64!/jdk.jsobject" type="simple" />
            <root url="jrt:///usr/lib/jvm/java-1.11.0-openjdk-amd64!/jdk.jstatd" type="simple" />
            <root url="jrt:///usr/lib/jvm/java-1.11.0-openjdk-amd64!/jdk.localedata" type="simple" />
            <root url="jrt:///usr/lib/jvm/java-1.11.0-openjdk-amd64!/jdk.management" type="simple" />
            <root url="jrt:///usr/lib/jvm/java-1.11.0-openjdk-amd64!/jdk.management.agent" type="simple" />
            <root url="jrt:///usr/lib/jvm/java-1.11.0-openjdk-amd64!/jdk.management.jfr" type="simple" />
            <root url="jrt:///usr/lib/jvm/java-1.11.0-openjdk-amd64!/jdk.naming.dns" type="simple" />
            <root url="jrt:///usr/lib/jvm/java-1.11.0-openjdk-amd64!/jdk.naming.ldap" type="simple" />
            <root url="jrt:///usr/lib/jvm/java-1.11.0-openjdk-amd64!/jdk.naming.rmi" type="simple" />
            <root url="jrt:///usr/lib/jvm/java-1.11.0-openjdk-amd64!/jdk.net" type="simple" />
            <root url="jrt:///usr/lib/jvm/java-1.11.0-openjdk-amd64!/jdk.pack" type="simple" />
            <root url="jrt:///usr/lib/jvm/java-1.11.0-openjdk-amd64!/jdk.rmic" type="simple" />
            <root url="jrt:///usr/lib/jvm/java-1.11.0-openjdk-amd64!/jdk.scripting.nashorn" type="simple" />
            <root url="jrt:///usr/lib/jvm/java-1.11.0-openjdk-amd64!/jdk.scripting.nashorn.shell" type="simple" />
            <root url="jrt:///usr/lib/jvm/java-1.11.0-openjdk-amd64!/jdk.sctp" type="simple" />
            <root url="jrt:///usr/lib/jvm/java-1.11.0-openjdk-amd64!/jdk.security.auth" type="simple" />
            <root url="jrt:///usr/lib/jvm/java-1.11.0-openjdk-amd64!/jdk.security.jgss" type="simple" />
            <root url="jrt:///usr/lib/jvm/java-1.11.0-openjdk-amd64!/jdk.unsupported" type="simple" />
            <root url="jrt:///usr/lib/jvm/java-1.11.0-openjdk-amd64!/jdk.unsupported.desktop" type="simple" />
            <root url="jrt:///usr/lib/jvm/java-1.11.0-openjdk-amd64!/jdk.xml.dom" type="simple" />
            <root url="jrt:///usr/lib/jvm/java-1.11.0-openjdk-amd64!/jdk.zipfs" type="simple" />
          </root>
        </classPath>
        <javadocPath>
          <root type="composite" />
        </javadocPath>
        <sourcePath>
          <root type="composite" />
        </sourcePath>
      </roots>
      <additional />
    </jdk>
    <jdk version="2">
      <name value="jbr-11" />
      <type value="JavaSDK" />
      <version value="JetBrains Runtime version 11.0.10" />
      <homePath value="$APPLICATION_HOME_DIR$/jbr" />
      <roots>
        <annotationsPath>
          <root type="composite">
            <root url="jar://$APPLICATION_HOME_DIR$/plugins/java/lib/jdkAnnotations.jar!/" type="simple" />
          </root>
        </annotationsPath>
        <classPath>
          <root type="composite">
            <root url="jrt:///home/stellarloony/idea-IE-211.7142.37/jbr!/gluegen.rt" type="simple" />
            <root url="jrt:///home/stellarloony/idea-IE-211.7142.37/jbr!/java.base" type="simple" />
            <root url="jrt:///home/stellarloony/idea-IE-211.7142.37/jbr!/java.compiler" type="simple" />
            <root url="jrt:///home/stellarloony/idea-IE-211.7142.37/jbr!/java.datatransfer" type="simple" />
            <root url="jrt:///home/stellarloony/idea-IE-211.7142.37/jbr!/java.desktop" type="simple" />
            <root url="jrt:///home/stellarloony/idea-IE-211.7142.37/jbr!/java.instrument" type="simple" />
            <root url="jrt:///home/stellarloony/idea-IE-211.7142.37/jbr!/java.logging" type="simple" />
            <root url="jrt:///home/stellarloony/idea-IE-211.7142.37/jbr!/java.management" type="simple" />
            <root url="jrt:///home/stellarloony/idea-IE-211.7142.37/jbr!/java.management.rmi" type="simple" />
            <root url="jrt:///home/stellarloony/idea-IE-211.7142.37/jbr!/java.naming" type="simple" />
            <root url="jrt:///home/stellarloony/idea-IE-211.7142.37/jbr!/java.net.http" type="simple" />
            <root url="jrt:///home/stellarloony/idea-IE-211.7142.37/jbr!/java.prefs" type="simple" />
            <root url="jrt:///home/stellarloony/idea-IE-211.7142.37/jbr!/java.rmi" type="simple" />
            <root url="jrt:///home/stellarloony/idea-IE-211.7142.37/jbr!/java.scripting" type="simple" />
            <root url="jrt:///home/stellarloony/idea-IE-211.7142.37/jbr!/java.se" type="simple" />
            <root url="jrt:///home/stellarloony/idea-IE-211.7142.37/jbr!/java.security.jgss" type="simple" />
            <root url="jrt:///home/stellarloony/idea-IE-211.7142.37/jbr!/java.security.sasl" type="simple" />
            <root url="jrt:///home/stellarloony/idea-IE-211.7142.37/jbr!/java.smartcardio" type="simple" />
            <root url="jrt:///home/stellarloony/idea-IE-211.7142.37/jbr!/java.sql" type="simple" />
            <root url="jrt:///home/stellarloony/idea-IE-211.7142.37/jbr!/java.sql.rowset" type="simple" />
            <root url="jrt:///home/stellarloony/idea-IE-211.7142.37/jbr!/java.transaction.xa" type="simple" />
            <root url="jrt:///home/stellarloony/idea-IE-211.7142.37/jbr!/java.xml" type="simple" />
            <root url="jrt:///home/stellarloony/idea-IE-211.7142.37/jbr!/java.xml.crypto" type="simple" />
            <root url="jrt:///home/stellarloony/idea-IE-211.7142.37/jbr!/jcef" type="simple" />
            <root url="jrt:///home/stellarloony/idea-IE-211.7142.37/jbr!/jdk.accessibility" type="simple" />
            <root url="jrt:///home/stellarloony/idea-IE-211.7142.37/jbr!/jdk.aot" type="simple" />
            <root url="jrt:///home/stellarloony/idea-IE-211.7142.37/jbr!/jdk.attach" type="simple" />
            <root url="jrt:///home/stellarloony/idea-IE-211.7142.37/jbr!/jdk.charsets" type="simple" />
            <root url="jrt:///home/stellarloony/idea-IE-211.7142.37/jbr!/jdk.compiler" type="simple" />
            <root url="jrt:///home/stellarloony/idea-IE-211.7142.37/jbr!/jdk.crypto.cryptoki" type="simple" />
            <root url="jrt:///home/stellarloony/idea-IE-211.7142.37/jbr!/jdk.crypto.ec" type="simple" />
            <root url="jrt:///home/stellarloony/idea-IE-211.7142.37/jbr!/jdk.dynalink" type="simple" />
            <root url="jrt:///home/stellarloony/idea-IE-211.7142.37/jbr!/jdk.hotspot.agent" type="simple" />
            <root url="jrt:///home/stellarloony/idea-IE-211.7142.37/jbr!/jdk.httpserver" type="simple" />
            <root url="jrt:///home/stellarloony/idea-IE-211.7142.37/jbr!/jdk.internal.ed" type="simple" />
            <root url="jrt:///home/stellarloony/idea-IE-211.7142.37/jbr!/jdk.internal.jvmstat" type="simple" />
            <root url="jrt:///home/stellarloony/idea-IE-211.7142.37/jbr!/jdk.internal.le" type="simple" />
            <root url="jrt:///home/stellarloony/idea-IE-211.7142.37/jbr!/jdk.internal.vm.ci" type="simple" />
            <root url="jrt:///home/stellarloony/idea-IE-211.7142.37/jbr!/jdk.internal.vm.compiler" type="simple" />
            <root url="jrt:///home/stellarloony/idea-IE-211.7142.37/jbr!/jdk.internal.vm.compiler.management" type="simple" />
            <root url="jrt:///home/stellarloony/idea-IE-211.7142.37/jbr!/jdk.jcmd" type="simple" />
            <root url="jrt:///home/stellarloony/idea-IE-211.7142.37/jbr!/jdk.jdi" type="simple" />
            <root url="jrt:///home/stellarloony/idea-IE-211.7142.37/jbr!/jdk.jdwp.agent" type="simple" />
            <root url="jrt:///home/stellarloony/idea-IE-211.7142.37/jbr!/jdk.jfr" type="simple" />
            <root url="jrt:///home/stellarloony/idea-IE-211.7142.37/jbr!/jdk.jsobject" type="simple" />
            <root url="jrt:///home/stellarloony/idea-IE-211.7142.37/jbr!/jdk.localedata" type="simple" />
            <root url="jrt:///home/stellarloony/idea-IE-211.7142.37/jbr!/jdk.management" type="simple" />
            <root url="jrt:///home/stellarloony/idea-IE-211.7142.37/jbr!/jdk.management.agent" type="simple" />
            <root url="jrt:///home/stellarloony/idea-IE-211.7142.37/jbr!/jdk.management.jfr" type="simple" />
            <root url="jrt:///home/stellarloony/idea-IE-211.7142.37/jbr!/jdk.naming.dns" type="simple" />
            <root url="jrt:///home/stellarloony/idea-IE-211.7142.37/jbr!/jdk.naming.rmi" type="simple" />
            <root url="jrt:///home/stellarloony/idea-IE-211.7142.37/jbr!/jdk.net" type="simple" />
            <root url="jrt:///home/stellarloony/idea-IE-211.7142.37/jbr!/jdk.pack" type="simple" />
            <root url="jrt:///home/stellarloony/idea-IE-211.7142.37/jbr!/jdk.scripting.nashorn" type="simple" />
            <root url="jrt:///home/stellarloony/idea-IE-211.7142.37/jbr!/jdk.scripting.nashorn.shell" type="simple" />
            <root url="jrt:///home/stellarloony/idea-IE-211.7142.37/jbr!/jdk.sctp" type="simple" />
            <root url="jrt:///home/stellarloony/idea-IE-211.7142.37/jbr!/jdk.security.auth" type="simple" />
            <root url="jrt:///home/stellarloony/idea-IE-211.7142.37/jbr!/jdk.security.jgss" type="simple" />
            <root url="jrt:///home/stellarloony/idea-IE-211.7142.37/jbr!/jdk.unsupported" type="simple" />
            <root url="jrt:///home/stellarloony/idea-IE-211.7142.37/jbr!/jdk.xml.dom" type="simple" />
            <root url="jrt:///home/stellarloony/idea-IE-211.7142.37/jbr!/jdk.zipfs" type="simple" />
            <root url="jrt:///home/stellarloony/idea-IE-211.7142.37/jbr!/jogl.all" type="simple" />
          </root>
        </classPath>
        <javadocPath>
          <root type="composite">
            <root url="https://docs.oracle.com/en/java/javase/11/docs/api/" type="simple" />
          </root>
        </javadocPath>
        <sourcePath>
          <root type="composite" />
        </sourcePath>
      </roots>
      <additional />
    </jdk>
    <jdk version="2">
      <name value="Android API 30 Platform" />
      <type value="Android SDK" />
      <version value="version 11.0.11" />
      <homePath value="$USER_HOME$/Android/Sdk" />
      <roots>
        <annotationsPath>
          <root type="composite">
            <root url="jar://$USER_HOME$/Android/Sdk/platforms/android-30/data/annotations.zip!/" type="simple" />
          </root>
        </annotationsPath>
        <classPath>
          <root type="composite">
            <root url="jar://$USER_HOME$/Android/Sdk/platforms/android-30/android.jar!/" type="simple" />
            <root url="file://$USER_HOME$/Android/Sdk/platforms/android-30/data/res" type="simple" />
          </root>
        </classPath>
        <javadocPath>
          <root type="composite" />
        </javadocPath>
        <sourcePath>
          <root type="composite">
            <root url="file://$USER_HOME$/Android/Sdk/sources/android-30" type="simple" />
          </root>
        </sourcePath>
      </roots>
      <additional jdk="11" sdk="android-30" />
    </jdk>
    <jdk version="2">
      <name value="Kotlin SDK" />
      <type value="KotlinSDK" />
      <version value="1.4.32-release-380" />
      <homePath value="$KOTLIN_BUNDLED$" />
      <roots>
        <annotationsPath>
          <root type="composite" />
        </annotationsPath>
        <classPath>
          <root type="composite" />
        </classPath>
        <javadocPath>
          <root type="composite" />
        </javadocPath>
        <sourcePath>
          <root type="composite" />
        </sourcePath>
      </roots>
      <additional />
    </jdk>
  </component>
</application>